which education system is UGC, Accreditation Based Bodies: UGC NET Higher Education System Notes. It was initially established by AICTE (All India Council of Technical Education) under section 10(u) of the AICTE act in the year 1994., other
Is UGC a government body, The University Grants Commission (UGC) is a statutory body with the Ministry of Human Resource Development Government of India entrusted with the task of determination coordination and maintenance of standards in University education, other
Is UGC degree valid, UGC has been established under the ministry of education for the maintenance of standards of education by higher education institutes. It is mandatory for every university to get approved or recognized by the University Grants Commission to provide valuable and valid degree courses in India.,other
which is better UGC or AICTE, ugc approved is better as it wii be internationally recognised. aicte is some kind of govt recognition but it will have no reciprocal approval internationally. aicte approval is used be deemed universities as a money spinner for the colleges, other
Is UGC degree valid abroad, Yes ofcourse being an University LPU is UGC recognised and very much valid across the Globe. For more details please check the LPU website or call at the toll free number 1800 102 4431. AICTE is the supreme and regulatory authority in Technical Education, other
How do I know if my degree is approved by UGC, First of all check on their Official Website. If they are claiming that the University is UGC approves and you have doubt. Then you can check it on the Official website of UGC. If you found the University name on the official website of UGC then it clearly reflects that the University is UGC approved., other
Is UGC NET a waste of time, Thus UGC Net promotes rote-learning mugging up data superficial analysis and eventually becomes a test of 'memorization' rather than 'learning'. To be quite frank the mind of an academic is extremely different than that of a UPSC aspirant a difference which our education system perhaps fail to understand, other
who is thw head of ugc, In February 2022 M Jagadesh Kumar was appointed as the chairman of the UGC a professor in the Department of Electrical Engineering at IIT Delhi and former VC of JNU, other
who appointed UGC chairman, “The Central government has appointed M Jagadesh Kumar as UGC Chairman for a period of five years or till he attains the age of 65 years whichever is the earliest” a senior MoE official said. The post of the UGC chairman fell vacant on December 7 after Professor D. P., other
can I clear UGC NET in 2 months, To qualify the UGC NET exam in 2–3 months the first thing students can do is to check the last 5 - 6 years of question papers. Secondly choose the topics of their concern from these papers as well as from topics where maximum questions appear, other
Is UGC NET very tough, Yes the exam is tough. However many candidates (who have prepared hard for it) make it to the cut off of UGC NET. UGC NET exam includes 2 papers - Paper I and Paper-II. Paper I is the General Ability Test held for analysing the teaching and research ability of the candidates., other
Who was the first Chairman of UGC, Sir Shanti Swaroop Bhatnagar, other
who established UGC, Shri Maulana Abul Kalam Azad, other
what is the structure of UGC, The UGC its councils sub-committees and various groups are served by a Secretariat which is a branch of the Government staffed mainly by civil servants. The Secretariat is headed by the Secretary-General UGC who is statutorily responsible for monies controlled by the UGC,  other
Is UGC a constitutional body, Definition of Constitutional Bodies: These are the bodies that are mentioned in the constitution of India and so considered as independent and more powerful. Examples: Election Commission Union Public Service Commission and National Commission for SCs and STs, other
which university is declared fake by UGC, Commercial University Limited;United Nations University;Professional University.;ADR Centric Judicial University;Indian Institute of Science and Engineering;Vishwakarma Open University for Self-Employment;Spiritual University., other
when UGC come into India, The UGC was established in 1953 and made into a statutory organisation with the UGC Act in 1956. UGC is responsible for coordinating determining and maintaining standards of higher education., other
Is UGC under central Government, The UGC however was formally established only in November 1956 as a statutory body of the Government of India through an Act of Parliament., other
What is the new rule of UGC, The UGC's new guidelines will allow students to attend two concurrent full-time degree programmes with physical classes. In 2020 the apex body for universities had approved a similar proposal but one of the two degrees had to be pursued online., other
why UGC approval is required, UGC has been established under the ministry of education for the maintenance of standards of education by higher education institutes. It is mandatory for every university to get approved or recognized by the University Grants Commission to provide valuable and valid degree courses in India., other










